PCR_template_Echo_384Well,PCR_Plate,Volume,Mutation
A1,A1,2500,V140T / L101I / D9A
A1,A2,2500,V140T / L101I / V195H
A2,A3,2500,V140T / D9A / V195H
A1,A4,2500,V140T / L101I / D9Q
A1,A5,2500,V140T / L101I / T213S
A2,A6,2500,V140T / D9A / T213S
A3,A7,2500,V140T / V195H / D9Q
A3,A8,2500,V140T / V195H / T213S
A1,A9,2500,V140T / L101I / E43G
A2,A10,2500,V140T / D9A / E43G
A4,A11,2500,V140T / D9Q / T213S
A1,A12,2500,V140T / L101I / E32K
A2,B1,2500,V140T / D9A / E32K
A3,B2,2500,V140T / V195H / E43G
A1,B3,2500,V140T / L101I / E43A
A2,B4,2500,V140T / D9A / E43A
A4,B5,2500,V140T / D9Q / E43G
A3,B6,2500,V140T / V195H / E32K
A3,B7,2500,V140T / V195H / E43A
A5,B8,2500,V140T / T213S / E43G
A1,B9,2500,V140T / L101I / E32G
A2,B10,2500,V140T / D9A / E32G
A4,B11,2500,V140T / D9Q / E32K
A4,B12,2500,V140T / D9Q / E43A
A1,C1,2500,V140T / L101I / S63G
A2,C2,2500,V140T / D9A / S63G
A1,C3,2500,V140T / L101I / T213P
A1,C4,2500,V140T / L101I / A102N
A3,C5,2500,V140T / V195H / A102T
A2,C6,2500,V140T / D9A / A102N
A1,C7,2500,V140T / L101I / T107L
A2,C8,2500,V140T / D9A / T107L
A5,C9,2500,V140T / T213S / E32K
A3,C10,2500,V140T / V195H / E32G
A5,C11,2500,V140T / T213S / E43A
A1,C12,2500,V140T / L101I / T130P
A2,D1,2500,V140T / D9A / T130P
A3,D2,2500,V140T / V195H / S63G
A3,D3,2500,V140T / V195H / T213P
A4,D4,2500,V140T / D9Q / E32G
A3,D5,2500,V140T / V195H / A102N
A1,D6,2500,V140T / L101I / E206D
A2,D7,2500,V140T / D9A / E206D
A3,D8,2500,V140T / V195H / T107L
A6,D9,2500,V140T / E43G / E32K
A4,D10,2500,V140T / D9Q / S63G
A3,D11,2500,V140T / V195H / H58E
A4,D12,2500,V140T / D9Q / A102N
A5,E1,2500,V140T / T213S / E32G
A1,E2,2500,V140T / L101I / V204I
A2,E3,2500,V140T / D9A / V204I
A4,E4,2500,V140T / D9Q / T107L
A3,E5,2500,V140T / V195H / T130P
A3,E6,2500,V140T / V195H / K215E
A2,E7,2500,V140T / D9A / V178E
A5,E8,2500,V140T / T213S / V204I
A3,E9,2500,V140T / V195H / E206D
A5,E10,2500,V140T / T213S / A102N
A1,E11,2500,V140T / L101I / S63N
A5,E12,2500,V140T / T213S / T107L
A4,F1,2500,V140T / D9Q / T130P
A2,F2,2500,V140T / D9A / S63N
A7,F3,2500,V140T / E32K / E43A
A1,F4,2500,V140T / L101I / E32N
A2,F5,2500,V140T / D9A / E32N
A1,F6,2500,V140T / L101I / A102T
A2,F7,2500,V140T / D9A / A102T
A1,F8,2500,V140T / L101I / H58E
A2,F9,2500,V140T / D9A / H58E
A4,F10,2500,V140T / D9Q / E206D
A3,F11,2500,V140T / V195H / V204I
A6,F12,2500,V140T / E43G / E32G
A1,G1,2500,V140T / L101I / K215E
A2,G2,2500,V140T / D9A / K215E
A3,G3,2500,V140T / V195H / V178E
A1,G4,2500,V140T / L101I / R51Q
A2,G5,2500,V140T / D9A / R51Q
A5,G6,2500,V140T / T213S / T130P
A1,G7,2500,V140T / L101I / E43K
A2,G8,2500,V140T / D9A / E43K
A6,G9,2500,V140T / E43G / S63G
A4,G10,2500,V140T / D9Q / V204I
A6,G11,2500,V140T / E43G / T213P
A6,G12,2500,V140T / E43G / A102N
A5,H1,2500,V140T / T213S / E206D
A1,H2,2500,V140T / L101I / D9T
A3,H3,2500,V140T / V195H / S63N
A6,H4,2500,V140T / E43G / T107L
A4,H5,2500,V140T / D9Q / V178E
A3,H6,2500,V140T / V195H / E32N
