Mutation,Well
V140T / L101I / D9A,A1
V140T / L101I / V195H,A2
V140T / D9A / V195H,A3
V140T / L101I / D9Q,A4
V140T / L101I / T213S,A5
V140T / D9A / T213S,A6
V140T / V195H / D9Q,A7
V140T / V195H / T213S,A8
V140T / L101I / E43G,A9
V140T / D9A / E43G,A10
V140T / D9Q / T213S,A11
V140T / L101I / E32K,A12
V140T / D9A / E32K,B1
V140T / V195H / E43G,B2
V140T / L101I / E43A,B3
V140T / D9A / E43A,B4
V140T / D9Q / E43G,B5
V140T / V195H / E32K,B6
V140T / V195H / E43A,B7
V140T / T213S / E43G,B8
V140T / L101I / E32G,B9
V140T / D9A / E32G,B10
V140T / D9Q / E32K,B11
V140T / D9Q / E43A,B12
V140T / L101I / S63G,C1
V140T / D9A / S63G,C2
V140T / L101I / T213P,C3
V140T / L101I / A102N,C4
V140T / V195H / A102T,C5
V140T / D9A / A102N,C6
V140T / L101I / T107L,C7
V140T / D9A / T107L,C8
V140T / T213S / E32K,C9
V140T / V195H / E32G,C10
V140T / T213S / E43A,C11
V140T / L101I / T130P,C12
V140T / D9A / T130P,D1
V140T / V195H / S63G,D2
V140T / V195H / T213P,D3
V140T / D9Q / E32G,D4
V140T / V195H / A102N,D5
V140T / L101I / E206D,D6
V140T / D9A / E206D,D7
V140T / V195H / T107L,D8
V140T / E43G / E32K,D9
V140T / D9Q / S63G,D10
V140T / V195H / H58E,D11
V140T / D9Q / A102N,D12
V140T / T213S / E32G,E1
V140T / L101I / V204I,E2
V140T / D9A / V204I,E3
V140T / D9Q / T107L,E4
V140T / V195H / T130P,E5
V140T / V195H / K215E,E6
V140T / D9A / V178E,E7
V140T / T213S / V204I,E8
V140T / V195H / E206D,E9
V140T / T213S / A102N,E10
V140T / L101I / S63N,E11
V140T / T213S / T107L,E12
V140T / D9Q / T130P,F1
V140T / D9A / S63N,F2
V140T / E32K / E43A,F3
V140T / L101I / E32N,F4
V140T / D9A / E32N,F5
V140T / L101I / A102T,F6
V140T / D9A / A102T,F7
V140T / L101I / H58E,F8
V140T / D9A / H58E,F9
V140T / D9Q / E206D,F10
V140T / V195H / V204I,F11
V140T / E43G / E32G,F12
V140T / L101I / K215E,G1
V140T / D9A / K215E,G2
V140T / V195H / V178E,G3
V140T / L101I / R51Q,G4
V140T / D9A / R51Q,G5
V140T / T213S / T130P,G6
V140T / L101I / E43K,G7
V140T / D9A / E43K,G8
V140T / E43G / S63G,G9
V140T / D9Q / V204I,G10
V140T / E43G / T213P,G11
V140T / E43G / A102N,G12
V140T / T213S / E206D,H1
V140T / L101I / D9T,H2
V140T / V195H / S63N,H3
V140T / E43G / T107L,H4
V140T / D9Q / V178E,H5
V140T / V195H / E32N,H6