Mutation,Well,PCR_template,PCR_template_original_well,PCR_template_Echo_384Well,Single,PCR_Plate,Primer Well
V140T / L101I / D9A,A1,V140T / L101I,C1,A1,D9A,A1,P2 A2
V140T / L101I / V195H,A2,V140T / L101I,C1,A1,V195H,A2,P2 E7
V140T / D9A / V195H,A3,V140T / D9A,C3,A2,V195H,A3,P2 E7
V140T / L101I / D9Q,A4,V140T / L101I,C1,A1,D9Q,A4,P1 G8
V140T / L101I / T213S,A5,V140T / L101I,C1,A1,T213S,A5,P2 A5
V140T / D9A / T213S,A6,V140T / D9A,C3,A2,T213S,A6,P2 A5
V140T / V195H / D9Q,A7,V140T / V195H,D4,A3,D9Q,A7,P1 G8
V140T / V195H / T213S,A8,V140T / V195H,D4,A3,T213S,A8,P2 A5
V140T / L101I / E43G,A9,V140T / L101I,C1,A1,E43G,A9,P1 E5
V140T / D9A / E43G,A10,V140T / D9A,C3,A2,E43G,A10,P1 E5
V140T / D9Q / T213S,A11,V140T / D9Q,D2,A4,T213S,A11,P2 A5
V140T / L101I / E32K,A12,V140T / L101I,C1,A1,E32K,A12,P2 E12
V140T / D9A / E32K,B1,V140T / D9A,C3,A2,E32K,B1,P2 E12
V140T / V195H / E43G,B2,V140T / V195H,D4,A3,E43G,B2,P1 E5
V140T / L101I / E43A,B3,V140T / L101I,C1,A1,E43A,B3,P2 C10
V140T / D9A / E43A,B4,V140T / D9A,C3,A2,E43A,B4,P2 C10
V140T / D9Q / E43G,B5,V140T / D9Q,D2,A4,E43G,B5,P1 E5
V140T / V195H / E32K,B6,V140T / V195H,D4,A3,E32K,B6,P2 E12
V140T / V195H / E43A,B7,V140T / V195H,D4,A3,E43A,B7,P2 C10
V140T / T213S / E43G,B8,V140T / T213S,C2,A5,E43G,B8,P1 E5
V140T / L101I / E32G,B9,V140T / L101I,C1,A1,E32G,B9,P2 G5
V140T / D9A / E32G,B10,V140T / D9A,C3,A2,E32G,B10,P2 G5
V140T / D9Q / E32K,B11,V140T / D9Q,D2,A4,E32K,B11,P2 E12
V140T / D9Q / E43A,B12,V140T / D9Q,D2,A4,E43A,B12,P2 C10
V140T / L101I / S63G,C1,V140T / L101I,C1,A1,S63G,C1,P1 C12
V140T / D9A / S63G,C2,V140T / D9A,C3,A2,S63G,C2,P1 C12
V140T / L101I / T213P,C3,V140T / L101I,C1,A1,T213P,C3,P1 F6
V140T / L101I / A102N,C4,V140T / L101I,C1,A1,A102N,C4,P2 D11
V140T / V195H / A102T,C5,V140T / V195H,D4,A3,A102T,C5,P2 C4
V140T / D9A / A102N,C6,V140T / D9A,C3,A2,A102N,C6,P2 D11
V140T / L101I / T107L,C7,V140T / L101I,C1,A1,T107L,C7,P1 C7
V140T / D9A / T107L,C8,V140T / D9A,C3,A2,T107L,C8,P1 C7
V140T / T213S / E32K,C9,V140T / T213S,C2,A5,E32K,C9,P2 E12
V140T / V195H / E32G,C10,V140T / V195H,D4,A3,E32G,C10,P2 G5
V140T / T213S / E43A,C11,V140T / T213S,C2,A5,E43A,C11,P2 C10
V140T / L101I / T130P,C12,V140T / L101I,C1,A1,T130P,C12,P2 G4
V140T / D9A / T130P,D1,V140T / D9A,C3,A2,T130P,D1,P2 G4
V140T / V195H / S63G,D2,V140T / V195H,D4,A3,S63G,D2,P1 C12
V140T / V195H / T213P,D3,V140T / V195H,D4,A3,T213P,D3,P1 F6
V140T / D9Q / E32G,D4,V140T / D9Q,D2,A4,E32G,D4,P2 G5
V140T / V195H / A102N,D5,V140T / V195H,D4,A3,A102N,D5,P2 D11
V140T / L101I / E206D,D6,V140T / L101I,C1,A1,E206D,D6,P1 E2
V140T / D9A / E206D,D7,V140T / D9A,C3,A2,E206D,D7,P1 E2
V140T / V195H / T107L,D8,V140T / V195H,D4,A3,T107L,D8,P1 C7
V140T / E43G / E32K,D9,V140T / E43G,A8,A6,E32K,D9,P2 E12
V140T / D9Q / S63G,D10,V140T / D9Q,D2,A4,S63G,D10,P1 C12
V140T / V195H / H58E,D11,V140T / V195H,D4,A3,H58E,D11,P1 F7
V140T / D9Q / A102N,D12,V140T / D9Q,D2,A4,A102N,D12,P2 D11
V140T / T213S / E32G,E1,V140T / T213S,C2,A5,E32G,E1,P2 G5
V140T / L101I / V204I,E2,V140T / L101I,C1,A1,V204I,E2,P1 G2
V140T / D9A / V204I,E3,V140T / D9A,C3,A2,V204I,E3,P1 G2
V140T / D9Q / T107L,E4,V140T / D9Q,D2,A4,T107L,E4,P1 C7
V140T / V195H / T130P,E5,V140T / V195H,D4,A3,T130P,E5,P2 G4
V140T / V195H / K215E,E6,V140T / V195H,D4,A3,K215E,E6,P1 E1
V140T / D9A / V178E,E7,V140T / D9A,C3,A2,V178E,E7,P1 A7
V140T / T213S / V204I,E8,V140T / T213S,C2,A5,V204I,E8,P1 G2
V140T / V195H / E206D,E9,V140T / V195H,D4,A3,E206D,E9,P1 E2
V140T / T213S / A102N,E10,V140T / T213S,C2,A5,A102N,E10,P2 D11
V140T / L101I / S63N,E11,V140T / L101I,C1,A1,S63N,E11,P2 A8
V140T / T213S / T107L,E12,V140T / T213S,C2,A5,T107L,E12,P1 C7
V140T / D9Q / T130P,F1,V140T / D9Q,D2,A4,T130P,F1,P2 G4
V140T / D9A / S63N,F2,V140T / D9A,C3,A2,S63N,F2,P2 A8
V140T / E32K / E43A,F3,V140T / E32K,D5,A7,E43A,F3,P2 C10
V140T / L101I / E32N,F4,V140T / L101I,C1,A1,E32N,F4,P2 G9
V140T / D9A / E32N,F5,V140T / D9A,C3,A2,E32N,F5,P2 G9
V140T / L101I / A102T,F6,V140T / L101I,C1,A1,A102T,F6,P2 C4
V140T / D9A / A102T,F7,V140T / D9A,C3,A2,A102T,F7,P2 C4
V140T / L101I / H58E,F8,V140T / L101I,C1,A1,H58E,F8,P1 F7
V140T / D9A / H58E,F9,V140T / D9A,C3,A2,H58E,F9,P1 F7
V140T / D9Q / E206D,F10,V140T / D9Q,D2,A4,E206D,F10,P1 E2
V140T / V195H / V204I,F11,V140T / V195H,D4,A3,V204I,F11,P1 G2
V140T / E43G / E32G,F12,V140T / E43G,A8,A6,E32G,F12,P2 G5
V140T / L101I / K215E,G1,V140T / L101I,C1,A1,K215E,G1,P1 E1
V140T / D9A / K215E,G2,V140T / D9A,C3,A2,K215E,G2,P1 E1
V140T / V195H / V178E,G3,V140T / V195H,D4,A3,V178E,G3,P1 A7
V140T / L101I / R51Q,G4,V140T / L101I,C1,A1,R51Q,G4,P2 F11
V140T / D9A / R51Q,G5,V140T / D9A,C3,A2,R51Q,G5,P2 F11
V140T / T213S / T130P,G6,V140T / T213S,C2,A5,T130P,G6,P2 G4
V140T / L101I / E43K,G7,V140T / L101I,C1,A1,E43K,G7,P1 G3
V140T / D9A / E43K,G8,V140T / D9A,C3,A2,E43K,G8,P1 G3
V140T / E43G / S63G,G9,V140T / E43G,A8,A6,S63G,G9,P1 C12
V140T / D9Q / V204I,G10,V140T / D9Q,D2,A4,V204I,G10,P1 G2
V140T / E43G / T213P,G11,V140T / E43G,A8,A6,T213P,G11,P1 F6
V140T / E43G / A102N,G12,V140T / E43G,A8,A6,A102N,G12,P2 D11
V140T / T213S / E206D,H1,V140T / T213S,C2,A5,E206D,H1,P1 E2
V140T / L101I / D9T,H2,V140T / L101I,C1,A1,D9T,H2,P1 F2
V140T / V195H / S63N,H3,V140T / V195H,D4,A3,S63N,H3,P2 A8
V140T / E43G / T107L,H4,V140T / E43G,A8,A6,T107L,H4,P1 C7
V140T / D9Q / V178E,H5,V140T / D9Q,D2,A4,V178E,H5,P1 A7
V140T / V195H / E32N,H6,V140T / V195H,D4,A3,E32N,H6,P2 G9
